website,city,about,country,phone,state,business_name,category,email,street_address,zip_code
http://www.indiamart.com/agradepackagingsolutions/,,"Established in the year 2009, we, “A Grade Packaging Solutions”, are one of the trusted organizations engaged in manufacturing & supplying of our extensive range of Corrugated Boxes, Corrugated Sheets, Corrugated Rolls, Offset Boxes, Duplex Boxes and BOPP Tapes to our esteemed customers.<br/>Products:
Poly V-Belts
Automotive V-Belts
Industrial V-Belts
Raw Edge Cogged Belts
Timing V-Belts
Power V-Belts
Classical V-Belts
Automotive Belts
Banded Belts<br/>Our Vision:
A-Grade Packaging Solutions we think that – Once the customer get in touch with us, they don’t need to find out more companies for their other products packaging supplies.<br/>Our Mission:
Our Mission is to free our customers to maintain the companies supplies their various kinds of packaging products, so no need to waste your time in providing them the design for your various products supplies separately. Follow up for your delivery schedule, separately by each-n-every supplier for your all kinds of packaging materials.<br/>Our Team;
Backed and supported by a team of highly diligent professionals, we have been able to cater to a number of clients. Our professionals understand the requirements of the customers and work in close coordination with each other in order to provide this excellent range of products to our esteemed patrons.<br/>Our Quality Assurance:
We emphasize to maintain quality in the range of products that we offer to our esteemed customers. These products are manufactured using superior quality of raw material procured from some of the trusted and reliable vendors of the market.",,09953359525,,A Grade Packaging,Advertising,agradepackagingsolutions@tradepassport.org,,
,,,,,,A Forever Recovery,,,,
,,"A. F. Ferguson & Co. (a member firm of PricewaterhouseCoopers network) is the largest firm of professional accountants in Pakistan, operating in three metropolitan cities viz. Karachi, Lahore and Islamabad. The firm also has an office in Kabul, Afghanistan. The firm operates under international membership of PricewaterhouseCoopers and is also known internationally as PricewaterhouseCoopers Pakistan (PwC Pakistan).<br/>Broadly, the firm offers professional services in the fields of Accounting, Audit and Assurance, Taxation, Transaction Advisory, Risk Advisory Services, SPA and HR Consultancy. Internally, the firm is organized along two separate service lines- Assurance and Business Advisory Services (ABAS), Tax and Legal Services (TLS) which are equally split into 8 ‘sections’ Each service line has its own leader (partner)<br/>The firm currently employs nearly 1600 people: partners, senior managers, managers, assistant managers, and professional trainees. Firm’s clientele includes leading groups/ companies of Financial and Non-Financial sectors.<br/>The head office of the firm is situated at State Life building no. 1-C, I.I. Chundrigar Road, Karachi, Pakistan..",,,,A F Ferguson & Co,,,,
,,,,,,A Elly Kleinman,,,,
http://www.adoorfor.com,London,"London’s community for finding and hiring locations and venues. Spaces to hire, projects to inspire, a community to discover. It all starts with a door for…<br/>@ADoorFor | www.adoorfor.com<br/>Mission
Share amazing spaces, venues and locations with London! We believe the best spaces are the ones we share…<br/>Company Overview
Helping you to connect locations and venues across London… Our network contains everything you need for your event, photoshoot, filmshoot, pop up or meet up…. From stage hire to photographers, lighting to catering it’s all here at A Door For…",GBR,020 7175 0082,,A Door For limited,Other,contact@adoorfor.com,A Door For,EC2A 4BX
http://www.differentgame.org/,,"A Different Game is games studio that focuses on innovative, social games for a new wider gaming audience. The primary platforms are the web, downloadable content for consoles, and hand-held devices. The company believes in games that are intertwined with real life through new smart user interfaces.<br/>The company is founded by veterans from the traditional video gaming, mobile gaming and casual gaming industries.",SWE,+46-8-519 72255,,A Different Game,Education,info@adifferentgame.com,Timmermansgatan 35,
http://www.adshaw-joinery.co.uk,Nottingham,"A D Shaw Joinery Contracts Ltd are commercial joiners in Nottingham, UK.<br/>They have worked on various large accounts and joinery contracts all over the UK including working on Sports Centres, Hotels and other projects such as schools and halls of residence.<br/>Some of their bigger joinery clients include DW Sports, Hampton Hotels, Travelodge and more.<br/>As Joiners in Nottingham, AD Shaw have established themselves as a leading name. To find out more about A D Shaw Joinery Nottingham, visit their website.",GBR,0115 978 2478,,A D Shaw Joinery Contracts Ltd,Other,enquiries@adshaw-joinery.co.uk,Units 1&2 Lincoln St,NG6 0FZ
,,Family for Every Child is a global alliance of hands-on NGOs dedicated to improving the lives of children without adequate care.,,,,A Computer for Every Child,,,,
http://clea.nr,Seattle,"A Cleaner Internet builds minimalist websites as well as browser extensions for Chrome, Safari and Firefox.<br/>Our goal is to reduce website confusion and clutter using browser extensions. These browser extensions, however, are portals to a larger and expanding web presence that A Cleaner Internet is developing. For example, the companies “A Cleaner Amazon” extension will soon see a major update that makes use of Amazon’s API to create an entirely new, simpler and cleaner user interface for Amazon.com.<br/>Our work has been featured in Macworld and The Unofficial Apple Weblog. Our “A Cleaner YouTube” extension is the 9th most popular in Apple’s extension gallery.",USA,206-414-9342,WA,A Cleaner Internet,Consumer Web,dev@clea.nr,,
http://blog.branding-studio.com,,,,,,A Blog.Branding-Studio,Other,support@branding-studio.com,,
http://www.abitlucky.com,San Mateo,"A Bit Lucky, Inc. is the new generation of transplatform online social gaming. Our passion is to make great games.",USA,,CA,A Bit Lucky,Games/Entertainment,,1720 S. Amphlett Blvd.,94402
http://www.moneycms.com,,A Big Important Company create beautiful web design and poetic code both for themselves and their clients. They are the mother company of the Filmstacks web-app.,,,,A Big Important Company,Consumer Web,tower@abigimportant.com,,
http://www.abetteropinion.com,,"A Better Opinion is a community-powered review site that matches a user up with other like-minded users for the purpose of discovering new movies, books and video games.<br/>It’s the only site for movies, books, or video games that matches up users with similar tastes, allowing them to exchange relevant reviews and recommendations.  Think of it as “Match Site” meets “Review Site”.<br/>www.aBetterOpinion.com works in a two-step process. First, users rate the things they’ve seen, read or played. The more they rate, the better the site works for them and everyone else. Next, when they search for an opinion on a specific product, the website sorts the available reviews based on who shares their same tastes. It even narrows the matching to within the genre searched, really giving them targeted matches.<br/>Another powerful feature is the ability to receive general recommendations. Again, the site will find a user’s best matches and display those matches’ favorite products. After all, a reliable recommendation can only come from someone who thinks like you do!",USA,,CA,A Better Opinion,"Games, Video and Entertainment",,,
http://abeautifulsite.net,Sidlamafa,"A Beautiful Site (ABS) develops most powerful and innovative web applications that are custom-tailored to your business needs. They combine the latest in development technologies with attractive, standards-based user friendly designs to bring you solutions that you will like a lot.",ZAF,321-241-8787,,A Beautiful,Enterprise,info@abeautifulsite.net,P.o box 97,1332
http://www.ABasketForEveryOccasion.com,,"A Basket for Every Occa